[
 {
   "categoryId": "cleaning",
   "zoneId": "delhi-ncr",
   "groupCode": 1,
   "displayName": "Cleaning",
   "isActive": true,
   "createdAt": "2018-01-01T12:00:00.000Z",
   "updatedAt": "2018-01-01T12:00:00.000Z",
   "createdBy": "MIGRATION",
   "updatedBy": "MIGRATION",
   "reviews": [{"catId" : "","custName" : "Ritu Sharma","review" : "Awesome Services providing in noida","rating" : "5"},{"catId" : "","custName" : "Manoj Alwar","review" : "Excellent Services","rating" : "5"},{"catId" : "","custName" : "Ravinder","review" : "Awesome Services providing in noida","rating" : "5"},{"catId" : "","custName" : "Surjeet","review" : "Excellent Services","rating" : "5"} ],
   "faq": [{"question" : "Q: What are Home cleaning Services?","answer" : "Ans: Home cleaning is the process of removing trash, mess, dirt from the house. It includes cleaning surfaces, tidying, discarding refuse, and vacuuming. It can also involve cleaning the outside area. If you search for high-quality house cleaning services in Delhi NCR, Expert Home Cleaning Services is the ideal place for you.","isActive" : "true"},{"question" : "Q: What kind of material and equipment do we use?  ","answer" : "Ans: Our professional cleaners use all kinds of essential material and equipment needed to clean the house, such as scrubbing brush, buckets, brooms, floor cleaning cloth, mobs, microfiber cloth, buckets, detergents, acids, degreasers, etc. For the best house cleaning services in Delhi NCR, you can contact Expert Home Cleaning Services.","isActive" : "true"},{"question" : "Q: Why do I need a Home deep cleaning?         ","answer" : "Ans: Home cleaning is an integrated part of maintaining hygiene. Our service provider will clean all the parts of your house, which are inaccessible by you, such as inside the kitchen sink pipes, exhaust pipes, ceiling fans, top of almirahs. Our goal is to promote wellness among our customers by offering the best house cleaning services in Delhi NCR.","isActive" : "true"},{"question" : "Q: How much time will it take to deep clean my home?","answer" : "Ans: It can take approximately 1 to 4 hours to deep clean the house depending on the area, number of rooms, bathrooms, etc. Cleaning home appliances can be a little time-consuming. For house cleaning in Delhi NCR, give a call to Expert Home Cleaning Services.","isActive" : "true"},{"question" : "Q: How often should I get my home deep cleaned?","answer" : "Ans: We recommend you to deep clean your house twice a month, including cleaning on home appliances, top of the almirahs, pipes, exhaust fans, ceiling fans, etc. Besides that, you can choose to do wiping once a week to prevent dirt and dust on the home appliances. You can give a call to house deep cleaning services in Delhi NCR for reliable services.","isActive" : "true"},{"question" : "Q: Where are your services available?","answer" : "Ans: Our services are only available all over Delhi NCR. For more information regarding our services and previous experiences, you can check out the website of Expert Home Cleaning Services.","isActive" : "true"},{"question" : "Q: What cleaning products will you be using?","answer" : "Ans: Some of the cleaning products used by our professionals are microfiber cloths, vacuum cleaner, bucket, rubber gloves, flat mop, broom, toilet brush, wood cleaner, glass cleaner, wipes, antibacterial sprays, white vinegar, detergents, tile cleaner, etc. You can book an appointment with Expert Home Cleaning Services for house cleaning services in Delhi NCR.","isActive" : "true"},{"question" : "Q: Can I get an over-the-phone estimate or do you have to come to my home?    ","answer" : "Ans: No, it is not required. Once the services are confirmed, our cleaning professionals will arrive at your home following the phone-estimated locations. You can check out the payment estimation on the website of Expert Home Cleaning Services.","isActive" : "true"},{"question" : "Q: How do I pay for my Home cleaning services? ","answer" : "Ans: We offer both online and offline options for home cleaning services. You can visit on playstore and donwload Expert Home Cleaning Services app to make an advance payment. Other than that, you can choose to make the payment once services are offered.","isActive" : "true"},{"question" : "Q: Do I need a deep cleaning service in Delhi NCR?","answer" : "Ans: Hiring a maid for house cleaning can make you spend a lot of money monthly. Delhi NCR is a polluted city, and hiring professionals for deep cleaning will make your environment healthy and bacteria-free. Expert Home Cleaning Services offers the best house cleaning services in Delhi NCR.  ","isActive" : "true"},{"question" : "Q: How often should I get my house deep cleaned in Delhi NCR?","answer" : "Ans: One must get deep house cleaning at least once or twice a month. It helps in creating a healthy, lively, and germs-free environment. If you are looking for house deep cleaning services in Delhi NCR, Expert Home Cleaning Services is ideal for you.","isActive" : "true"},{"question" : "Q: Is there any insurance or guarantee for home cleaning services?  ","answer" : "Ans: Yes, we offer full support to our customers. The highly common types of insurance offered are property damage, licensing, bonding, workers compensation, and liability. For authentic and reliable house cleaning services in Delhi NCR, you can book an appointment from the website or App of Expert Home Cleaning Services.","isActive" : "true"},{"question" : "Q: How much will it cost in Delhi NCR to clean my hall alone?    ","answer" : "Ans: Average house cleaning price in Delhi can cost you somewhere between 2500 to 7000 INR, depending on the location, house, area, rooms, and bathrooms. For home cleaning services, check out the website of Expert Home Cleaning Services.","isActive" : "true"},{"question" : "Q: What to look for before choosing a home cleaning service provider in Delhi NCR?","answer" : "Ans: We offer our services via App & Website, Once you book an appointment for Home cleaning services in Delhi NCR that booking will go in your booking section of OyeBusy Home Service App, You can check all info of your booking and service professional and get service OTP, Service OTP is for security purpose that will be ask by our service professional to start his job.","isActive" : "true"}],
   "carousel": ["https://i.ibb.co/6nT6b30/1-full-house-deep-cleaning-after-service-image.jpg","https://i.ibb.co/XJncTft/2-full-house-deep-cleaning-after-service-image.jpg","https://i.ibb.co/x8SqZ9G/3-bathroom-deep-cleaning-after-service-image.jpg","https://i.ibb.co/dLw6KCW/4-bathroom-deep-cleaning-after-service-image.jpg","https://i.ibb.co/cy30gCk/5-bathroom-deep-cleaning-after-service-image.jpg","https://i.ibb.co/mXYJ0vw/6-bathroom-deep-cleaning-after-service-image.jpg","https://i.ibb.co/ph1kSFk/7-bathroom-deep-cleaning-after-service-image.jpg","https://i.ibb.co/dgSWCmB/8-bathroom-deep-cleaning-after-service-image.jpg","https://i.ibb.co/FnJQNWt/9-bathroom-deep-cleaning-after-service-image.jpg","https://i.ibb.co/Ybs0sr3/10-bathroom-deep-cleaning-after-service-image.jpg","https://i.ibb.co/YtJ7Y23/11-sofa-deep-cleaning-after-service-image.jpg","https://i.ibb.co/LgCcN24/12-sofa-deep-cleaning-after-service-image.jpg","https://i.ibb.co/6sBHkCL/13-sofa-deep-cleaning-after-service-image.jpg","https://i.ibb.co/crPJkq5/14-full-house-deep-cleaning-after-service-image.jpg","https://i.ibb.co/87P9crG/15-full-house-deep-cleaning-after-service-image.jpg","https://i.ibb.co/TvLSCT6/16-full-house-deep-cleaning-after-service-image.jpg","https://i.ibb.co/7pyjsbS/17-full-house-deep-cleaning-after-service-image.jpg","https://i.ibb.co/zxhLs9S/18-full-house-deep-cleaning-after-service-image.jpg","https://i.ibb.co/WG6CbLD/19-full-house-deep-cleaning-after-service-image.jpg","https://i.ibb.co/8KP0Ws3/20-full-house-deep-cleaning-after-service-image.jpg","https://i.ibb.co/2sjDkbx/21-full-house-deep-cleaning-after-service-image.jpg","https://i.ibb.co/bL2NVpW/22-full-house-deep-cleaning-after-service-image.jpg","https://i.ibb.co/ZK5S3kK/23-full-house-deep-cleaning-after-service-image.jpg","https://i.ibb.co/34gpXR3/24-full-house-deep-cleaning-after-service-image.jpg","https://i.ibb.co/PrxPqkm/25-full-house-deep-cleaning-after-service-image.jpg","https://i.ibb.co/ChZV7J7/26-full-house-deep-cleaning-after-service-image.jpg","https://i.ibb.co/3WzKTdV/27-bathroom-deep-cleaning-after-service-image.jpg","https://i.ibb.co/tMzbwVd/28-bathroom-deep-cleaning-after-service-image.jpg","https://i.ibb.co/D70JdGf/29-full-house-deep-cleaning-after-service-image.jpg","https://i.ibb.co/5Rf848M/30-full-house-deep-cleaning-after-service-image.jpg","https://i.ibb.co/9y6cYtk/31-full-house-deep-cleaning-after-service-image.jpg","https://i.ibb.co/xGzH9F8/32-full-house-deep-cleaning-after-service-image.jpg","https://i.ibb.co/HY0tgcx/33-full-house-deep-cleaning-after-service-image.jpg","https://i.ibb.co/jfVqJ2P/34-full-house-deep-cleaning-after-service-image.jpg","https://i.ibb.co/kGhFqg9/35-full-house-deep-cleaning-after-service-image.jpg","https://i.ibb.co/BGqt7HJ/36-full-house-deep-cleaning-after-service-image.jpg","https://i.ibb.co/jrYBFpK/37-full-house-deep-cleaning-after-service-image.jpg","https://i.ibb.co/02ChdJf/38-full-house-deep-cleaning-after-service-image.jpg"],
   "schema": {"@context":"https://schema.org","@graph":[{"@type":"Organization","@id":"https://www.urbancleaningexpert.co.in/#organization","name":"Expert Home Cleaning Services","url":"https://www.urbancleaningexpert.co.in/","sameAs":["https://www.facebook.com/OyeBusyIndia/","https://www.instagram.com/oyebusyindia/","https://www.linkedin.com/company/oyebusyindia/","https://www.youtube.com/channel/UC5Yz1m7yAx99j15V3wIGF-A","https://www.pinterest.com/oyebusy/","https://twitter.com/oyebusyindia"],"logo":{"@type":"ImageObject","@id":"https://www.urbancleaningexpert.co.in/#logo","inLanguage":"en-US","url":"https://i.ibb.co/rds5gZF/icon.png","contentUrl":"https://i.ibb.co/rds5gZF/icon.png","width":300,"height":300,"caption":"OyeBusy Home Services"},"image":{"@id":"https://www.urbancleaningexpert.co.in/#logo"}},{"@type":"WebSite","@id":"https://www.urbancleaningexpert.co.in/#website","url":"https://www.urbancleaningexpert.co.in/","name":"OyeBusy Home Services","description":"Get Affordable Home Services in Delhi NCR for Electrician, Plumber, Carpenter, Home Appliances Repair & Service, Cleaning services and many more. OyeBusy Professional Home Service in Delhi NCR.","publisher":{"@id":"https://www.urbancleaningexpert.co.in/#organization"},"inLanguage":"en-US"}]},
   "sitelinksTotal": ""
 }
]